Not Vegan,Not Vegetarian,Not Peanut free,not tree nuts free,Not Dairy Free,Not Egg free,Not Gluten
Adrenaline,albumen,peanuts,Almonds,Milk,egg,wheat
Alanine,bone char,,Brazil nuts,Cheese,,wheat flour
Albumen,butter fat,,Cashews,Yogurt,,bulgur
Alcloxa,carmine,,Hazelnuts (filberts),Whey Protein,,malt
Aldioxa,casein,,Macadamia nuts,Cream,,rye
Aliphatic,gelatin,,Pecans,Butter,,wheatberries
Allantoin,,,"Pine nuts (pinon, pignolias)",Ice cream,,durum
Alpha-Hydroxy Acids,lard,,Pistachios,Skim milk,,emmer
Ambergris,l-cysteine,,Walnuts,Sour cream,,semolina
Amerchol L101,mono and diglycerides,,Almonds,Whey,,spelt
Amino Acids,shellac,,Cashews,,,farina
Aminosuccinate Acid,vitamin D3,,Walnuts,,,farro
Animal Fats and Oils,whey powder,,Pecans,,,graham
Animal Hair,Beef,,Peanuts,,,KAMUT® khorasan wheat
Arachidonic Acid,Chicken,,Brazil nuts,,,einkorn wheat
Arachidyl Proprionate,Pork,,Chestnuts,,,Triticale
Bee Pollen,Turkey,,Coconut,,,Brewer’s Yeast
Bee Products,Bacon,,Hazelnuts,,,Wheat Starch
Beeswax,Ham,,Macadamia nuts,,,Beer
Honeycomb,Sausage,,Pine nuts,,,Fried chicken
Biotin,Pepperoni,,Pistachio,,,Fried Fish
Vitamin H,Liver,,Kola nuts,,,Oats
Vitamin B Factor,,,Marcona almonds,,,Barley Flour
Blood,,,Acorns,,,Wheat flour
Boar Bristles,,,Saba Nuts,,,Oats
Bone Char,,,Granola,,,
Bone Meal,,,Pistachio,,,
Calciferol,,,,,,
Calfskin,,,,,,
Caprylamine Oxide,,,,,,
Capryl Betaine,,,,,,
Caprylic Acid,,,,,,
Caprylic Triglyceride,,,,,,
Carbamide,,,,,,
Carmine,,,,,,
Cochineal,,,,,,
Carminic Acid,,,,,,
Carminic Acid,,,,,,
Carotene,,,,,,
Provitamin A,,,,,,
Beta Carotene,,,,,,
Casein,,,,,,
Caseinate,,,,,,
Sodium Caseinate,,,,,,
Cashmere,,,,,,
Castor,,,,,,
Castoreum,,,,,,
Catgut,,,,,,
Cera Flava,,,,,,
Cerebrosides,,,,,,
Cetyl Alcohol,,,,,,
Cetyl Palmitate,,,,,,
Chitosan,,,,,,
Cholesterin,,,,,,
Cholesterol,,,,,,
Choline Bitartrate,,,,,,
Civet,,,,,,
Cochineal,,,,,,
Cod Liver Oil,,,,,,
Collagen,,,,,,
Colors,,,,,,
Dyes,,,,,,
Corticosteroid,,,,,,
Cortisone,,,,,,
Corticosteroid,,,,,,
"Cysteine, L-Form",,,,,,
Cystine,,,,,,
Dexpanthenol,,,,,,
Diglycerides,,,,,,
Dimethyl Stearamine,,,,,,
Down,,,,,,
Duodenum Substances,,,,,,
Dyes,,,,,,
Egg Protein,,,,,,
Elastin,,,,,,
Emu Oil,,,,,,
Ergocalciferol,,,,,,
Ergosterol,,,,,,
Estradiol,,,,,,
Estrogen,,,,,,
Estradiol,,,,,,
Fats,,,,,,
Fatty Acids,,,,,,
FD&C Colors,,,,,,
Feathers,,,,,,
"Fish Liver Oil
",,,,,,
Fish Oil,,,,,,
Fish Scales,,,,,,
Fur,,,,,,
Gel,,,,,,
Gelatin,,,,,,
Gel,,,,,,
Glucose Tyrosinase,,,,,,
Glycerides,,,,,,
Glycerin,,,,,,
Glycerol,,,,,,
Glyceryls,,,,,,
Glycreth-26,,,,,,
Guanine,,,,,,
Pearl Essence,,,,,,
Hide Glue,,,,,,
Honey,,,,,,
Honeycomb,,,,,,
Horsehair,,,,,,
Hyaluronic Acid,,,,,,
Hydrocortisone,,,,,,
Hydrolyzed Animal Protein,,,,,,
Imidazolidinyl Urea,,,,,,
Insulin,,,,,,
Isinglass,,,,,,
Isopropyl Lanolate,,,,,,
Isopropyl Myristate,,,,,,
Isopropyl Palmitate,,,,,,
Keratin,,,,,,
Lactic Acid,,,,,,
Lactose,,,,,,
Laneth,,,,,,
Lanogene,,,,,,
Lanolin,,,,,,
Lanolin Acids,,,,,,
Wool Fat,,,,,,
Wool Wax,,,,,,
Lanolin Alcohol,,,,,,
Lanosterols,,,,,,
Lard,,,,,,
Lecithin,,,,,,
Choline Bitartrate,,,,,,
Linoleic Acid,,,,,,
Lipase,,,,,,
Lipids,,,,,,
Lipoids,,,,,,
Marine Oil,,,,,,
Methionine,,,,,,
Milk Protein,,,,,,
Milk,,,,,,
Mink Oil,,,,,,
Monoglycerides,,,,,,
Glycerides,,,,,,
Musk (Oil),,,,,,
Myristal Ether Sulfate,,,,,,
Myristic Acid,,,,,,
Myristyls,,,,,,
Nucleic Acids,,,,,,
Ocenol,,,,,,
Octyl Dodecanol,,,,,,
Oleic Acid,,,,,,
Oils,,,,,,
Oleths,,,,,,
Oleyl Alcohol,,,,,,
Oleyl Arachidate,,,,,,
Oleyl Imidazoline,,,,,,
Oleyl Myristate,,,,,,
Oleyl Oleate,,,,,,
Oleyl Stearate,,,,,,
Palmitamide,,,,,,
Palmitate,,,,,,
Palmitic Acid,,,,,,
Panthenol,,,,,,
Dexpanthenol,,,,,,
Panthenyl,,,,,,
Pepsin,,,,,,
Placenta,,,,,,
Placenta Polypeptides Protein,,,,,,
Afterbirth,,,,,,
Polyglycerol,,,,,,
Polypeptides,,,,,,
Polysorbates,,,,,,
Pristane,,,,,,
Progesterone,,,,,,
Propolis,,,,,,
Provitamin A,,,,,,
Provitamin B-5,,,,,,
Provitamin D-2,,,,,,
Rennet,,,,,,
Rennin,,,,,,
Resinous Glaze,,,,,,
Retinol,,,,,,
Ribonucleic Acid,,,,,,
RNA,,,,,,
Royal Jelly,,,,,,
Sable Brushes,,,,,,
Sea Turtle Oil,,,,,,
Shark Liver Oil,,,,,,
Sheepskin,,,,,,
Shellac,,,,,,
Resinous Glaze,,,,,,
Silk,,,,,,
Silk Powder,,,,,,
Snails,,,,,,
Sodium Caseinate,,,,,,
Sodium Steroyl Lactylate,,,,,,
Sodium Tallowate,,,,,,
Spermaceti,,,,,,
Cetyl Palmitate,,,,,,
Sperm Oil,,,,,,
Sponge (Luna and Sea),,,,,,
Squalane,,,,,,
Stearamide,,,,,,
Stearamine Oxide,,,,,,
Stearates,,,,,,
Stearic Acid,,,,,,
Stearic Hydrazide,,,,,,
Stearoxytrimethylsilane,,,,,,
Stearoyl Lactylic Acid,,,,,,
Stearyl Alcohol,,,,,,
Sterols,,,,,,
Stearyl Betaine,,,,,,
Stearyl Caprylate,,,,,,
Stearyl Citrate,,,,,,
Stearyldimethyl Amine,,,,,,
Stearyl Glycyrrhetinate,,,,,,
Stearyl Heptanoate,,,,,,
Stearyl Imidazoline,,,,,,
Stearyl Octanoate,,,,,,
Stearyl Stearate,,,,,,
Steroids,,,,,,
Sterols,,,,,,
Tallow,,,,,,
Tallow Fatty Alcohol,,,,,,
Stearic Acid,,,,,,
Tallow Acid,,,,,,
Tallow Amide,,,,,,
Tallow Amine,,,,,,
Talloweth-6,,,,,,
Tallow Glycerides,,,,,,
Tallow Imidazoline,,,,,,
Tallow Imidazoline,,,,,,
Triterpene Alcohols,,,,,,
Turtle Oil,,,,,,
Sea Turtle Oil,,,,,,
Tyrosine,,,,,,
Urea,,,,,,
Carbamide,,,,,,
Uric Acid,,,,,,
Vitamin A,,,,,,
Vitamin B-Complex Factor,,,,,,
Vitamin B Factor,,,,,,
Vitamin B12,,,,,,
Vitamin D,,,,,,
Ergocalciferol,,,,,,
Vitamin D2,,,,,,
Ergosterol,,,,,,
Provitamin D2,,,,,,
Calciferol,,,,,,
Vitamin D3,,,,,,
Vitamin H,,,,,,
Wax,,,,,,
Whey,,,,,,
Wool,,,,,,
Wool Fat,,,,,,
Wool Wax,,,,,,
Beef,,,,,,
Chicken,,,,,,
Pork,,,,,,
Turkey,,,,,,
Bacon,,,,,,
Ham,,,,,,
Sausage,,,,,,
Pepperoni,,,,,,
Liver,,,,,,